Grupa,Kopējais nozīmīgums,Īpatsvars
Daudzveidība,0.36300500896392507,0.36300500896392546
Blīvums,0.2956050164909666,0.29560501649096693
Ierobežojumi,0.1855646721010168,0.185564672101017
Izmērs,0.1558253024440904,0.15582530244409057
